mutation,a3d_label,chain,position,wt_residue,mutant_residue,a3d_avg_score,delta_a3d_avg_score,foldx_ddG_kcal_mol,camsol_intrinsic,delta_camsol_intrinsic,camsol_structurally_corrected,delta_camsol_structurally_corrected,dynamut_ddG_kcal_mol,sasa_before_A2,exposure_before_pct,sasa_after_A2,exposure_after_pct,min_dist_to_Ser111_A,min_dist_to_Asp159_A,min_dist_to_His191_A,min_dist_to_triad_A,has_af3_model
V228R,VR228A,A,228,V,R,-0.6046,-0.0533,-0.9943,0.633114,0.093765,47.42,2.78,-0.293,97.118,68.4,148.784,60.0,29.67,34.0,33.85,29.67,False
I175R,IR175A,A,175,I,R,-0.5909,-0.0396,-0.09,0.544821,0.005472,46.35,1.71,0.765,112.66,66.7,146.498,59.1,19.04,19.64,21.57,19.04,True
L218R,LR218A,A,218,L,R,-0.5883,-0.037,-0.636501,0.695978,0.156629,54.13,9.49,-0.279,112.305,68.5,145.985,58.9,32.87,34.48,35.81,32.87,False
F214R,FR214A,A,214,F,R,-0.5835,-0.0322,-0.034,0.596631,0.057282,47.76,3.12,-0.472,137.503,69.8,145.64,58.7,27.21,28.75,29.98,27.21,True
I175N,IN175A,A,175,I,N,-0.5818,-0.0305,0.95,0.539542,0.000193,43.65,-0.99,0.016,112.66,66.7,99.625,63.5,19.04,19.64,21.57,19.04,True
V228E,VE228A,A,228,V,E,-0.5818,-0.0305,-0.37,0.660781,0.121432,50.38,5.74,-0.082,97.118,68.4,116.873,60.2,29.67,34.0,33.85,29.67,True
I175Q,IQ175A,A,175,I,Q,-0.5811,-0.0298,0.26,0.539349,0.0,44.42,-0.22,-0.407,112.66,66.7,116.862,59.0,19.04,19.64,21.57,19.04,True
V30E,VE30A,A,30,V,E,-0.5782,-0.0269,-0.38,0.597571,0.058222,47.0,2.36,-0.088,96.791,68.2,113.75,58.6,14.63,19.97,15.82,14.63,True
V228N,VN228A,A,228,V,N,-0.578,-0.0267,-0.44,0.619634,0.080285,47.44,2.8,-0.168,97.118,68.4,102.768,65.5,29.67,34.0,33.85,29.67,True
Y207E,YE207A,A,207,Y,E,-0.576,-0.0247,0.44,0.578287,0.038938,48.88,4.24,0.422,146.106,65.8,116.073,59.8,21.9,24.08,23.84,21.9,True
L218D,LD218A,A,218,L,D,-0.5759,-0.0246,0.62,0.607145,0.067796,47.86,3.22,-0.273,112.305,68.5,100.861,61.9,32.87,34.48,35.81,32.87,True
I229D,ID229A,A,229,I,D,-0.5745,-0.0232,0.75,0.635161,0.095812,49.23,4.59,-0.212,112.09,66.3,102.187,62.7,25.3,30.31,29.74,25.3,True
I209Q,IQ209A,A,209,I,Q,-0.5729,-0.0216,0.56,0.576276,0.036927,43.38,-1.26,-0.051,110.95,65.7,115.076,58.1,23.45,25.44,26.43,23.45,True
I209N,IN209A,A,209,I,N,-0.5725,-0.0212,0.85,0.576276,0.036927,44.05,-0.59,-0.465,110.95,65.7,102.03,65.0,23.45,25.44,26.43,23.45,True
V30K,VK30A,A,30,V,K,-0.5723,-0.021,-0.46886,0.66417,0.124821,51.24,6.6,-0.078,96.791,68.2,127.444,62.2,14.63,19.97,15.82,14.63,False
Y207R,YR207A,A,207,Y,R,-0.5717,-0.0204,-0.7996673,0.587088,0.047739,46.33,1.69,-0.235,146.106,65.8,145.797,58.8,21.9,24.08,23.84,21.9,False
I229E,IE229A,A,229,I,E,-0.5703,-0.019,0.92,,,,,,,,,,25.3,30.31,29.74,25.3,False
Y213E,YE213A,A,213,Y,E,-0.5699,-0.0186,0.87,,,,,,,,,,25.95,29.42,29.72,25.95,False
L218N,LN218A,A,218,L,N,-0.5697,-0.0184,-0.034,,,,,,,,,,32.87,34.48,35.81,32.87,False
V30N,VN30A,A,30,V,N,-0.5696,-0.0183,0.006,,,,,,,,,,14.63,19.97,15.82,14.63,False
Y207N,YN207A,A,207,Y,N,-0.5679,-0.0166,0.17,,,,,,,,,,21.9,24.08,23.84,21.9,False
I229N,IN229A,A,229,I,N,-0.5679,-0.0166,0.24,,,,,,,,,,25.3,30.31,29.74,25.3,False
V161E,VE161A,A,161,V,E,-0.5668,-0.0155,0.35,,,,,,,,,,5.13,2.8,3.62,2.8,False
Y207Q,YQ207A,A,207,Y,Q,-0.5644,-0.0131,0.35,,,,,,,,,,21.9,24.08,23.84,21.9,False
V161N,VN161A,A,161,V,N,-0.5635,-0.0122,0.54,,,,,,,,,,5.13,2.8,3.62,2.8,False
I175S,IS175A,A,175,I,S,-0.5629,-0.0116,0.62,,,,,,,,,,19.04,19.64,21.57,19.04,False
I229Q,IQ229A,A,229,I,Q,-0.5621,-0.0108,0.56,,,,,,,,,,25.3,30.31,29.74,25.3,False
L218Q,LQ218A,A,218,L,Q,-0.5614,-0.0101,-0.18,,,,,,,,,,32.87,34.48,35.81,32.87,False
V68D,VD68A,A,68,V,D,-0.5614,-0.0101,0.46,,,,,,,,,,7.76,12.87,9.66,7.76,False
V68R,VR68A,A,68,V,R,-0.5586,-0.0073,-0.014,,,,,,,,,,7.76,12.87,9.66,7.76,False
I229R,IR229A,A,229,I,R,-0.5571,-0.0058,0.168,,,,,,,,,,25.3,30.31,29.74,25.3,False
M232R,MR232A,A,232,M,R,-0.5561,-0.0048,-0.5,,,,,,,,,,26.87,30.44,29.59,26.87,False
I229G,IG229A,A,229,I,G,-0.5559,-0.0046,0.95,,,,,,,,,,25.3,30.31,29.74,25.3,False
M232E,ME232A,A,232,M,E,-0.5559,-0.0046,0.19,,,,,,,,,,26.87,30.44,29.59,26.87,False
M232D,MD232A,A,232,M,D,-0.5557,-0.0044,0.27,,,,,,,,,,26.87,30.44,29.59,26.87,False
M232K,MK232A,A,232,M,K,-0.5545,-0.0032,-0.46,,,,,,,,,,26.87,30.44,29.59,26.87,False
V7E,VE7A,A,7,V,E,-0.5541,-0.0028,0.73,,,,,,,,,,19.18,25.7,22.44,19.18,False
